brand,date,platform,caption,media_url,status
DWR Music,2026-08-02,both,"Some days the song writes itself. Some days you fight for every note. Both count. 🎶
Whatever you're building today, keep your hands on it — the world needs your sound.
Come share it with us sometime. 💛
— David Wayne Redfearn",https://cdn.leonardo.ai/users/c8d0dee1-f2e9-496d-803d-403825993e9e/generations/1f18d167-20ae-66b0-ae6d-4fc1cd72a2b4/gpt-image-2_A_worn_acoustic_guitar_resting_on_a_wooden_stool_under_a_single_warm_spotlight_d-0.jpg?w=1875,FAILED
DWR Music,2026-08-05,both,"You don't have to have it all figured out to make something beautiful.
Just start — one chord, one step, one small brave thing.
Peace and light to you today. 🎸✨",https://cdn.leonardo.ai/users/c8d0dee1-f2e9-496d-803d-403825993e9e/generations/1f18d177-21c7-6d70-8881-7a3e166c0bd4/gpt-image-2_Close-up_of_gentle_hands_forming_a_chord_on_a_warm_acoustic_guitar_soft_golden_s-0.jpg?w=1875,QUEUED
DWR Music,2026-08-08,both,"No matter how heavy the week gets, music always meets me right where I am.
It'll meet you there too — just give it the chance.
Put something on today that makes you feel alive. 🎶",https://cdn.leonardo.ai/users/c8d0dee1-f2e9-496d-803d-403825993e9e/generations/1f18d179-a384-6820-9958-9357df0381ce/gpt-image-2_An_acoustic_guitar_leaning_against_a_wooden_chair_beside_an_open_window_at_golde-0.jpg?w=1875,QUEUED
DWR Music,2026-08-11,both,"Six strings and a whole lot of gratitude. 🙏
Thank you for listening, for showing up, for letting these songs be part of your day.
That's the whole gift, right there.
— DWR",https://cdn.leonardo.ai/users/c8d0dee1-f2e9-496d-803d-403825993e9e/generations/1f18d17b-bf0f-6110-80dc-246777650c5c/gpt-image-2_Overhead_flat-lay_of_an_acoustic_guitar_on_warm_reclaimed_wood_surrounded_by_sof-0.jpg?w=1875,QUEUED
DWR Music,2026-08-14,both,"If this week's been a lot — I see you. Keep going anyway.
Some of the best songs come out of the hard seasons.
You're not behind. You're just in the bridge. 🎶💛",https://cdn.leonardo.ai/users/c8d0dee1-f2e9-496d-803d-403825993e9e/generations/1f18d17d-e229-6a90-ab75-d2c8a272a303/gpt-image-2_A_lone_acoustic_guitar_silhouette_on_a_grassy_hill_against_a_dramatic_deep_blue_-0.jpg?w=1875,QUEUED
DWR Music,2026-08-17,both,"Music was never meant to be made alone.
Bring your voice, your instrument, or just your ears — there's room for you.
Come make some noise with us. Everyone's welcome. 🎤",https://cdn.leonardo.ai/users/c8d0dee1-f2e9-496d-803d-403825993e9e/generations/1f18d17f-effb-6090-ac8e-c13761438ab9/gpt-image-2_A_cozy_inviting_small_live-music_stage_with_a_wooden_stool_vintage_microphone_an-0.jpg?w=1875,QUEUED
DWR Music,2026-08-20,both,"Your voice matters — the singing kind and the every-day kind.
Don't let the world talk you into being quiet.
Sing it, say it, share it. Spread a little light today. ✨",https://cdn.leonardo.ai/users/c8d0dee1-f2e9-496d-803d-403825993e9e/generations/1f18d182-8656-6060-b51d-e8b8fcd005dc/gpt-image-2_Glowing_golden_sound_waves_rippling_outward_from_an_acoustic_guitar_into_warm_li-0.jpg?w=1875,QUEUED
DWR Music,2026-08-23,both,"Slow down long enough to hear one whole song today.
No scrolling, no rushing — just you and the music.
It's amazing what a quiet three minutes can heal. 🎧💛",https://cdn.leonardo.ai/users/c8d0dee1-f2e9-496d-803d-403825993e9e/generations/1f18d184-d15e-6c90-bf68-2a02e64806b9/gpt-image-2_A_steaming_cup_of_coffee_beside_an_acoustic_guitar_on_a_sunlit_windowsill_in_sof-0.jpg?w=1875,QUEUED
DWR Music,2026-08-26,both,"This one's for the person who needed a reminder today:
you are loved, you are capable, and you are not alone.
Tag someone who needs to hear it. Let's pass the light around. 💛",https://cdn.leonardo.ai/users/c8d0dee1-f2e9-496d-803d-403825993e9e/generations/1f18d186-d614-69e0-94db-44669940a6b7/gpt-image-2_Two_open_hands_gently_passing_a_small_warm_glowing_orb_of_light_between_them_an_-0.jpg?w=1875,QUEUED
DWR Music,2026-08-29,both,"Turn it up. Dance in the kitchen. Sing off-key on purpose. 🎶
Joy isn't a reward you earn later — it's medicine you take now.
Go find three minutes of it today.",https://cdn.leonardo.ai/users/c8d0dee1-f2e9-496d-803d-403825993e9e/generations/1f18d188-d422-6590-aa45-70672d3154c1/gpt-image-2_A_bright_sunlit_cozy_kitchen_with_warm_morning_light_pouring_in_through_the_wind-0.jpg?w=1875,QUEUED
DWR Music,2026-09-01,both,"Every musician knows: you're gonna miss notes. You keep playing.
Same with life — the wrong chord isn't the end of the song, it's just the part before the comeback.
Keep playing. 🎸",https://cdn.leonardo.ai/users/c8d0dee1-f2e9-496d-803d-403825993e9e/generations/1f18d18b-0a7b-6b30-8dab-0a2bc099df54/gpt-image-2_Dynamic_close-up_of_a_guitarist_s_hand_mid-strum_on_an_acoustic_guitar_with_warm-0.jpg?w=1875,QUEUED
DWR Music,2026-09-04,both,"However today finds you, I hope it finds you gentle.
Love to the ones who are struggling. Peace to the ones who are searching. Light to all of us.
Thanks for being here. 🎶💛✨
— David Wayne Redfearn",https://cdn.leonardo.ai/users/c8d0dee1-f2e9-496d-803d-403825993e9e/generations/1f18d18d-2d10-6040-b51b-b5d9bb316217/gpt-image-2_A_peaceful_nighttime_porch_scene_an_acoustic_guitar_resting_under_a_soft_glowing-0.jpg?w=1875,QUEUED
